termin,kategoria,wyjasnienie_prosto,przyklad_lub_analogia
"Seria","trening","Grupa powtórzeń wykonanych pod rząd, po której jest przerwa.","3 serie x 10 powtórzeń = zrobisz 10 ruchów, odpoczniesz, i tak 3 razy."
"Powtórzenie (powt.)","trening","Jeden pełny ruch ćwiczenia — w dół i w górę.","Jeden przysiad = jedno powtórzenie."
"RIR (Reps In Reserve)","trening","Ile powtórzeń 'zostawiasz w zapasie' na końcu serii. RIR 2 = kończysz serię czując, że dałbyś radę zrobić jeszcze 2 czyste powtórzenia, ale ich nie robisz.","Jak jazda autem: RIR 2 to tempo 'szybko, ale bezpiecznie'. RIR 0 to maks — robimy to rzadko, bo bardzo męczy stawy i głowę, a mięśnie rosną prawie tak samo."
"RPE","trening","Skala odczuwanego wysiłku 1-10. 10 = nie dałbyś rady ani jednego więcej. Odpowiada RIR: RPE 8 = RIR 2.","W dzienniku wpisujesz RPE całej sesji: 7 = solidnie, ale wychodzisz z energią."
"Tempo","trening","Jak szybko wykonujesz fazy ruchu. Zapis 2-1-2 = 2 s opuszczanie, 1 s zatrzymanie, 2 s podnoszenie.","Wolniejsze opuszczanie = więcej kontroli, bezpieczniej dla stawów, lepszy bodziec."
"Progresja","trening","Zasada stopniowego zwiększania trudności, żeby mięśnie miały powód rosnąć.","Ta sama waga i te same powtórzenia przez 3 miesiące = ciało nie ma powodu się zmieniać."
"Podwójna progresja","trening","Najpierw dokładasz powtórzenia w zadanym zakresie (np. 8→12), a gdy zrobisz górę zakresu we wszystkich seriach z RIR 2 — podnosisz ciężar i wracasz do dołu zakresu.","Tydzień 1: 10 kg x 8. Tydzień 4: 10 kg x 12. Tydzień 5: 12 kg x 8."
"Hipertrofia","trening","Wzrost mięśni. Główny sygnał to napięcie mechaniczne — mięsień pracujący ciężko blisko zmęczenia.","Nie chodzi o 'pieczenie' ani ból następnego dnia — chodzi o ciężką pracę z kontrolą."
"Deficyt kaloryczny","dieta","Jesz mniej energii niż spalasz — ciało dobiera brakującą z zapasów (tłuszczu).","Konto bankowe: wydajesz 2600, wpłacasz 2150 — różnica schodzi z 'oszczędności' czyli tkanki tłuszczowej."
"Rekompozycja","dieta","Jednoczesna utrata tłuszczu i budowa mięśni. Realna u osób z zapasem tłuszczu, początkujących w treningu siłowym i jedzących dużo białka — czyli u Ciebie.","Waga może stać w miejscu, a spodnie robią się luźne i ramiona większe."
"BMR","dieta","Podstawowa przemiana materii — ile spalasz leżąc bez ruchu przez 24 h.","Koszt 'utrzymania światła w budynku' — bije serce, pracuje mózg, oddychasz."
"TDEE","dieta","Całkowity dzienny wydatek energii = BMR + ruch codzienny (NEAT) + trening + trawienie (TEF).","Twoje pełne 'spalanie' w typowym dniu. Punkt odniesienia dla deficytu."
"NEAT","dieta","Energia spalana na wszystko poza treningiem: chodzenie, stanie, gestykulacja, sprzątanie.","Różnica między dniem z 3 tys. a 10 tys. kroków to nawet 300-400 kcal — więcej niż niejeden trening."
"TEF","dieta","Energia zużywana na trawienie jedzenia. Białko ma najwyższy (20-30% jego kalorii idzie na trawienie).","Zjadając 100 kcal z białka 'netto' dostajesz ok. 75 kcal."
"Makroskładniki (makro)","dieta","Białko, tłuszcz, węglowodany. Białko i węgle: 4 kcal/g, tłuszcz: 9 kcal/g.",""
"Próg leucynowy","dieta","Minimalna dawka białka w posiłku (ok. 2.5-3 g leucyny = ~30-40 g dobrego białka), która włącza pełny sygnał budowy mięśni.","Dlatego posiłki mają 30-45 g białka, a nie 10 g rozsiane po dniu."
"Gęstość odżywcza","dieta","Ile witamin, minerałów i białka dostajesz na 1 kalorię.","Brokuł i pierś z kurczaka: wysoka. Chipsy: niska. Zasada 80/20: 80% wysokiej gęstości, 20% przyjemność."
"Elastyczna dieta (80/20)","dieta","Nie ma produktów 'zakazanych' — są rzadsze. 80% posiłków wg planu, 20% to miejsce na życie.","Jedno wyjście do restauracji tygodniowo nie psuje niczego, jeśli reszta tygodnia jest ok."
"Meal prep","dieta","Gotowanie kilku porcji naraz (np. w niedzielę na 3 dni).","2 godziny w niedzielę = 6-8 gotowych obiadów. Mniej myślenia w tygodniu."
"Refluks (GERD)","zdrowie","Cofanie się kwasu z żołądka do przełyku. Nasilają: duże/tłuste/kwaśne posiłki, gazowane napoje, leżenie po jedzeniu, nadwaga brzuszna, kawa, czekolada, mięta, alkohol.","Sama utrata tłuszczu z brzucha obniża ciśnienie na żołądek i u wielu osób wyraźnie zmniejsza refluks."
"DOMS","zdrowie","Opóźniona bolesność mięśni 1-3 dni po treningu. Normalna, niegroźna, z czasem prawie znika.","Ból 'rozlany', tępy, w mięśniu = DOMS (ok). Ból ostry, punktowy, w stawie, promieniujący = sygnał stop/modyfikuj."
"Mobilność","trening","Zakres ruchu w stawie, który KONTROLUJESZ siłą (a nie tylko dasz się biernie rozciągnąć).","Rozciąganie to połowa. Druga połowa to wzmocnienie w nowym zakresie — dlatego łączymy rozciąganie zginaczy z mostkami."
"Core","trening","Mięśnie tułowia stabilizujące kręgosłup: brzuch (prosty, poprzeczny, skośne), dolne plecy, przepona, dno miednicy.","Gorset, który trzyma kręgosłup stabilnie gdy podnosisz ciężar."
"Bracing (usztywnienie)","trening","Napięcie brzucha 'jak przed uderzeniem' + spokojny oddech przed ruchem z ciężarem.","Chroni kręgosłup. Robisz to przy RDL, przysiadach, przenoszeniu ciężaru."
"Neutralny kręgosłup","trening","Naturalna, lekko wygięta pozycja plecy — bez zaokrąglania i bez przesadnego wypychania klatki.","Wyobraź sobie, że na plecach masz kij od szczotki od głowy do miednicy."
"Hip hinge (zawias biodrowy)","trening","Skłon, w którym ruch idzie z bioder (pośladki do tyłu), a plecy zostają proste.","Zamykanie drzwi samochodu pupą, gdy masz zajęte ręce."
"Zginacze bioder","anatomia","Mięśnie z przodu biodra (biodrowo-lędźwiowy, prosty uda). Skracają się od siedzenia i ciągną miednicę do przodu → napięte pośladki i dolne plecy.","Główny 'winowajca' Twojej potrzeby rolowania. Rozciągamy je codziennie i wzmacniamy pośladki."
"Pośladkowy średni","anatomia","Mięsień z boku biodra stabilizujący miednicę przy staniu na jednej nodze. U osób siedzących słaby → biodro i dolne plecy przejmują pracę → ból.","Ćwiczenia: clamshell, odwodzenie leżąc bokiem, mostek jednonóż, wykroki."
"Przywodziciele","anatomia","Mięśnie wewnętrznej strony uda. Stabilizują biodro i miednicę.","Ćwiczenia: sumo squat, Copenhagen plank."
"Goblet","trening","Trzymanie jednego hantla pionowo przy klatce, obiema rękami 'jak kielich'.","Najbezpieczniejszy sposób nauki przysiadu — ciężar z przodu pomaga trzymać proste plecy."
"RDL (rumuński martwy ciąg)","trening","Skłon z hantlami wzdłuż ud, prawie prostymi nogami, plecy proste. Ćwiczy tył uda i pośladki.","Król ćwiczeń na pośladki i tył ciała; robimy go z kontrolą, bez odbijania od ziemi."
"Hip thrust","trening","Wypychanie bioder w górę z plecami opartymi o kanapę/łóżko, ciężar na biodrach.","Najlepiej izoluje pośladki przy minimalnym obciążeniu kręgosłupa."
"Floor press","trening","Wyciskanie hantli leżąc na podłodze. Podłoga zatrzymuje łokcie = bezpieczniej dla barków niż ławka.","Zamiennik wyciskania na ławce w domu."
"Superset","trening","Dwa ćwiczenia wykonywane jedno po drugim bez przerwy, potem przerwa.","Oszczędza czas, np. biceps + triceps."
"Full body","trening","Każdy trening ćwiczy całe ciało (zamiast dzielenia na 'dzień klatki', 'dzień nóg').","Przy 3 treningach/tyg każdy mięsień pracuje 3 razy = najlepiej na hipertrofię i naukę techniki."
"Deload","trening","Zaplanowany lżejszy tydzień co 6-8 tygodni.","Jak urlop — wracasz silniejszy."
"SFR (stosunek bodziec/zmęczenie)","trening","Ile mięśnia budujesz na jednostkę zmęczenia stawów i głowy. Wybieramy ćwiczenia z wysokim SFR.","Goblet squat: dużo bodźca, mało ryzyka. Przysiad ze sztangą 1RM: dużo bodźca, dużo ryzyka."
"Oddech przeponowy","regeneracja","Wdech nosem 'do brzucha' (brzuch rośnie, klatka mało), długi wydech ustami. Przełącza układ nerwowy na tryb 'odpocznij i traw'.","5 minut wieczorem rozluźnia mięśnie skuteczniej niż rolowanie — bo rozluźnienie idzie z mózgu, nie z ucisku."
"HRV","regeneracja","Zmienność rytmu serca — wskaźnik regeneracji z zegarka. Wysoki = wypoczęty, niski = zmęczony/stres.","Opcjonalnie do dziennika. Niski HRV + słaby sen = zrób trening lżej (autoregulacja)."
"Autoregulacja","trening","Dostosowanie treningu do dnia: gorszy sen/stres → ciężar -10%, mniej serii. Dobry dzień → normalnie.","Plan jest mapą, nie kontraktem."
"Kreatyna monohydrat","suplementy","Najlepiej przebadany suplement: +siła, +masa mięśniowa, +regeneracja. 3-5 g dziennie, codziennie.","Nie 'sterydy', nie szkodzi nerkom u zdrowych (dziesiątki badań). Efekt po 3-4 tygodniach."
